{
   "total energy":         -33.20403097,
   "HOMO-LUMO gap / eV":           4.59138918,
   "electronic energy":         -33.48483645,
   "dipole / a.u.": [     0.19671433,     0.05121534,    -0.09683200],
   "partial charges": [
       -0.39648474,
        0.35588595,
       -0.10965083,
        0.07143110,
       -0.24868455,
        0.35588779,
       -0.39649006,
       -0.10964591,
        0.07143273,
       -0.24864909,
        0.08445626,
        0.09074394,
        0.06127503,
        0.09101750,
        0.08445694,
        0.09073840,
        0.06126806,
        0.09101148],
   "atomic dipole moments": [
   [     0.11578734,     0.04758223,     0.15557769],
   [     0.03569111,     0.13473084,     0.00964904],
   [     0.08662729,     0.08497524,    -0.01195683],
   [    -0.08292354,     0.10985371,     0.21577600],
   [    -0.12978959,     0.11656774,    -0.12445690],
   [     0.06512195,    -0.10845664,    -0.05927826],
   [    -0.03703133,    -0.02708103,    -0.19434933],
   [     0.08839402,    -0.03936461,    -0.07417340],
   [    -0.16222799,    -0.17362899,    -0.09514969],
   [     0.07155313,    -0.13175329,     0.15312333],
   [    -0.08475573,    -0.01136333,     0.10826883],
   [    -0.02053286,    -0.11047365,    -0.06789549],
   [     0.07691885,     0.06916678,    -0.07963997],
   [     0.04833012,    -0.11462445,     0.00637876],
   [    -0.13046755,    -0.04477869,    -0.00233972],
   [    -0.00374004,     0.10418469,     0.07982800],
   [     0.12783867,    -0.01591426,    -0.02115007],
   [    -0.02486379,     0.12073810,    -0.01787034]],
   "atomic quadrupole moments": [
   [     0.10128417,    -0.02358142,    -0.10056165,    -0.12922893,     0.03766899,    -0.00072252],
   [     0.21894245,    -0.02097915,    -0.09822624,    -0.38809559,     0.11398360,    -0.12071621],
   [     0.12501447,    -0.03580944,    -0.05942172,     0.16774281,    -0.12037504,    -0.06559275],
   [    -0.07148482,     0.03173070,    -0.26201260,     0.13702309,     0.26026294,     0.33349742],
   [    -0.05746949,    -0.00039540,    -0.03909183,     0.00214314,     0.07041480,     0.09656132],
   [     0.20730055,     0.29348729,     0.06631303,    -0.22986472,    -0.00120020,    -0.27361359],
   [     0.08169003,     0.13870347,    -0.01472708,    -0.05710984,    -0.02594301,    -0.06696295],
   [    -0.08750717,    -0.09019315,    -0.07346045,    -0.00997325,    -0.16721832,     0.16096762],
   [    -0.12336169,     0.21754333,    -0.16188642,     0.19892516,     0.17804761,     0.28524810],
   [    -0.01148366,     0.05732686,    -0.01219921,     0.06490340,     0.06422742,     0.02368286],
   [    -0.00140687,    -0.00529215,    -0.04270352,    -0.03841963,     0.01517586,     0.04411039],
   [    -0.02402455,    -0.02195784,     0.03944887,     0.03436504,     0.03484350,    -0.01542433],
   [    -0.01991328,     0.02477914,     0.01045912,    -0.00190083,    -0.02769017,     0.00945416],
   [    -0.02776881,    -0.01479507,     0.04039251,     0.02558913,     0.02375743,    -0.01262370],
   [     0.03690026,     0.04753005,    -0.01779673,     0.01637090,     0.00835898,    -0.01910353],
   [    -0.06632521,    -0.00752391,     0.04983626,     0.01231088,     0.01654974,     0.01648896],
   [     0.02985204,    -0.03004029,    -0.02142874,     0.00400600,     0.00720393,    -0.00842329],
   [    -0.04909406,    -0.01349898,     0.04250016,     0.01130703,     0.01665331,     0.00659391]],
   "number of molecular orbitals": 48,
   "number of electrons": 56,
   "number of unpaired electrons": 0,
   "orbital energies / eV": [
      -20.94175265,
      -20.93052631,
      -20.18414486,
      -20.15274991,
      -18.93467065,
      -18.92479076,
      -18.64372949,
      -18.21505196,
      -17.36567132,
      -17.13051704,
      -16.51145295,
      -16.48834268,
      -16.28810805,
      -16.05884471,
      -15.73328961,
      -15.66489260,
      -14.90493769,
      -14.86431058,
      -14.43124618,
      -14.18440431,
      -13.75555469,
      -13.66968433,
      -13.60796307,
      -13.39514882,
      -12.77722973,
      -12.60462961,
      -12.01031584,
      -11.64113240,
       -7.04974322,
       -6.84961078,
       -0.99766043,
       -0.81128542,
        0.79320338,
        0.83512513,
        1.26893584,
        2.21443629,
        2.36555791,
        2.71628531,
        2.92444642,
        4.87058030,
        4.97432931,
        5.62291786,
        5.81086212,
        6.30253305,
        9.50382676,
       10.06241982,
       15.99551896,
       16.12056068],
   "fractional occupation": [
        2.00000000,
        2.00000000,
        2.00000000,
        2.00000000,
        2.00000000,
        2.00000000,
        2.00000000,
        2.00000000,
        2.00000000,
        2.00000000,
        2.00000000,
        2.00000000,
        2.00000000,
        2.00000000,
        2.00000000,
        2.00000000,
        2.00000000,
        2.00000000,
        2.00000000,
        2.00000000,
        2.00000000,
        2.00000000,
        2.00000000,
        2.00000000,
        2.00000000,
        2.00000000,
        2.00000000,
        2.00000000,
        0.00000000,
        0.00000000,
        0.00000000,
        0.00000000,
        0.00000000,
        0.00000000,
        0.00000000,
        0.00000000,
        0.00000000,
        0.00000000,
        0.00000000,
        0.00000000,
        0.00000000,
        0.00000000,
        0.00000000,
        0.00000000,
        0.00000000,
        0.00000000,
        0.00000000,
        0.00000000],
   "vibrational frequencies / rcm": [
       -0.00002229,
       -0.00001914,
       -0.00000766,
       -0.00000230,
        0.00001292,
        0.00007174,
       69.18918899,
      105.90197980,
      149.31476729,
      185.83448721,
      255.08600335,
      287.41552411,
      333.49031337,
      376.56089374,
      440.99710805,
      517.51957913,
      556.42881957,
      606.33506860,
      639.55843330,
      655.29506821,
      711.40227712,
      797.30173998,
      893.22602840,
      941.11375144,
      947.57799449,
     1008.16092318,
     1018.37750476,
     1051.03103455,
     1083.02169775,
     1092.74562201,
     1117.76954818,
     1152.49952533,
     1172.51096720,
     1223.01831661,
     1230.13485778,
     1241.34363780,
     1309.33554094,
     1310.61756384,
     1338.80586232,
     1348.17886038,
     1431.49005241,
     1454.63784507,
     1457.39947858,
     1486.00989427,
     1723.31082593,
     1739.85100410,
     2924.72739604,
     2933.52193954,
     2966.96630373,
     2969.32836446,
     2974.40419712,
     2978.69167775,
     3004.42258119,
     3005.90480432],
   "reduced masses": [
       12.98848292,
       13.94208074,
       12.64066825,
       13.77841555,
       12.86923254,
       12.74427325,
       14.61402630,
       11.96640093,
       12.28382828,
        9.40722650,
       12.02870275,
       11.20709016,
       10.58155690,
       11.10614982,
       11.16486801,
       10.67609955,
       10.20227539,
       11.24004308,
       12.40434960,
       10.89185955,
       10.15455492,
       11.39544273,
        8.67911089,
        7.06671344,
        8.67403004,
        7.20533795,
        9.97163813,
       10.76365838,
       10.26244652,
        8.57636671,
        4.89911803,
        4.80092984,
        7.32380965,
        5.45390577,
        4.75907047,
        8.59341373,
        4.21143273,
        4.41613203,
        3.94749930,
        4.33906361,
        1.84463369,
        1.74804169,
        1.91645479,
        1.74926402,
       13.48749037,
       13.47576432,
        1.85748528,
        1.84989735,
        1.82483823,
        1.70466933,
        1.65696594,
        1.76774868,
        1.62607152,
        1.63605310],