polymer_length,monomer_enthalpy,initiator_enthalpy,polymer_enthalpy,unit_polymer_enthalpy,delta_h
2,-43350731.98735838,-68435304.22772832,-155333924.59788853,-77666962.29894426,34119073.916142434
3,-43350731.98735838,-68435304.22772832,-198779693.6094711,-66259897.8698237,45526138.345263
