polymer_length,monomer_enthalpy,polymer_enthalpy,unit_polymer_enthalpy,delta_h
2,-43350731.98735838,-86790973.13423212,-43395486.56711606,-44754.57975768298
