{
   "total energy":         -16.58324098,
   "HOMO-LUMO gap / eV":           5.03153986,
   "electronic energy":         -16.72833228,
   "dipole / a.u.": [     0.89272824,    -1.38132788,     1.05565996],
   "partial charges": [
       -0.38089367,
        0.37122172,
       -0.10928248,
        0.06946516,
       -0.27389972,
        0.08780705,
        0.08781600,
        0.07388436,
        0.07388159],
   "atomic dipole moments": [
   [     0.11787311,    -0.11831853,     0.03118637],
   [     0.11211549,    -0.03511813,    -0.10095664],
   [     0.06285056,     0.01089057,    -0.10829340],
   [    -0.14730098,     0.19917682,    -0.12565820],
   [    -0.07956295,    -0.06194301,     0.21837922],
   [     0.03646678,     0.06508000,     0.12245269],
   [    -0.10154012,    -0.09787254,     0.02596109],
   [    -0.00639606,    -0.12445411,    -0.05344331],
   [     0.12589750,     0.03176224,     0.03909821]],
   "atomic quadrupole moments": [
   [     0.00748685,     0.13298074,     0.04749019,     0.07599706,     0.09711027,    -0.05497703],
   [     0.09878065,     0.25459922,     0.05785708,     0.07248970,     0.29798513,    -0.15663773],
   [     0.03793669,    -0.23483007,    -0.06672235,    -0.12587273,    -0.10431128,     0.02878566],
   [    -0.14515668,    -0.26266328,    -0.02591312,    -0.01337794,    -0.36521030,     0.17106979],
   [    -0.02827245,    -0.06441797,    -0.00542490,    -0.00426142,    -0.07990539,     0.03369735],
   [    -0.00426670,     0.01635028,    -0.02524678,     0.01825279,     0.03965849,     0.02951348],
   [     0.00749578,     0.04310003,     0.02154201,    -0.01947371,     0.00410578,    -0.02903779],
   [    -0.01322668,     0.00625912,     0.03912465,     0.01086527,     0.01547451,    -0.02589797],
   [     0.02482336,     0.00876133,    -0.00804358,     0.03067492,     0.00920743,    -0.01677978]],
   "number of molecular orbitals": 24,
   "number of electrons": 28,
   "number of unpaired electrons": 0,
   "orbital energies / eV": [
      -20.68388666,
      -20.10301190,
      -18.54950834,
      -17.92899204,
      -16.56342672,
      -16.43485769,
      -16.14702645,
      -15.66247356,
      -14.64004931,
      -13.96626818,
      -13.80807948,
      -13.41390905,
      -12.54581871,
      -11.75980979,
       -6.72826993,
       -1.16784838,
       -0.34918436,
        2.87012937,
        3.31431910,
        3.53840331,
        4.26191314,
        7.13000433,
        7.55435476,
       19.27151216],
   "fractional occupation": [
        2.00000000,
        2.00000000,
        2.00000000,
        2.00000000,
        2.00000000,
        2.00000000,
        2.00000000,
        2.00000000,
        2.00000000,
        2.00000000,
        2.00000000,
        2.00000000,
        2.00000000,
        2.00000000,
        0.00000000,
        0.00000000,
        0.00000000,
        0.00000000,
        0.00000000,
        0.00000000,
        0.00000000,
        0.00000000,
        0.00000000,
        0.00000000],
   "vibrational frequencies / rcm": [
       -0.00002186,
       -0.00001600,
       -0.00000334,
        0.00001259,
        0.00001818,
        0.00002235,
      189.78318844,
      497.07585861,
      497.73076027,
      739.45131200,
      787.20029916,
      941.18501779,
      983.05328677,
     1014.26521017,
     1057.40883915,
     1091.87441583,
     1096.73199959,
     1122.56616690,
     1185.86504884,
     1243.72119737,
     1407.25839602,
     1455.73978434,
     1859.09308687,
     2987.22754730,
     2994.61013028,
     3032.69606032,
     3033.54306289],
   "reduced masses": [
       11.75925517,
       12.56263354,
       14.10489881,
       14.01406284,
       12.03948283,
       11.41770431,
        9.69447046,
       12.09443157,
        9.36330941,
       13.25789778,
        2.79194070,
        9.74134723,
        5.86258707,
       13.21917207,
        9.06175802,
       12.22979747,
        3.17905493,
        3.38422801,
        6.25883921,
        5.51728556,
        2.18820129,
        2.04559384,
       13.34825216,
        2.03501057,
        1.46966664,
        2.03983856,
        1.50762159],
   "IR intensities / km/mol": [
        0.00000000,
        0.00000000,
        0.00000000,
        0.00000000,
        0.00000000,
        0.00000000,
        0.10834615,
       11.54430486,
        9.89449555,
        0.52061993,
       15.02980398,
        9.27385942,
       20.92174851,
       74.80032529,
       35.20701083,
      263.02204224,
        4.74454624,
        0.07698225,
       23.54006613,
       27.56314920,
       19.12975824,
        0.35529052,
      824.77223505,
       10.60639994,
       14.32363166,
        3.14291939,
        2.12497142],
   "program call": "xtb ../../pre/conformer_16.xyz --verbose --namespace conformer_16 --json --ohess vtight --alpb Toluene --gfn 2 --parallel 16 --acc 1.0 --iterations 250 --etemp 298.15",
   "method": "GFN2-xTB",
   "xtb version": "6.7.1 (edcfbbe)"
}
