{
   "total energy":         -33.20403097,
   "HOMO-LUMO gap / eV":           4.59138919,
   "electronic energy":         -33.48483645,
   "dipole / a.u.": [     0.19671433,     0.05121534,    -0.09683200],
   "partial charges": [
       -0.39648474,
        0.35588595,
       -0.10965083,
        0.07143110,
       -0.24868455,
        0.35588779,
       -0.39649006,
       -0.10964591,
        0.07143273,
       -0.24864909,
        0.08445626,
        0.09074394,
        0.06127503,
        0.09101750,
        0.08445694,
        0.09073840,
        0.06126806,
        0.09101148],
   "atomic dipole moments": [
   [     0.11578735,     0.04758223,     0.15557768],
   [     0.03569111,     0.13473084,     0.00964904],
   [     0.08662729,     0.08497524,    -0.01195683],
   [    -0.08292355,     0.10985370,     0.21577600],
   [    -0.12978959,     0.11656775,    -0.12445690],
   [     0.06512195,    -0.10845664,    -0.05927826],
   [    -0.03703132,    -0.02708102,    -0.19434934],
   [     0.08839401,    -0.03936461,    -0.07417339],
   [    -0.16222800,    -0.17362899,    -0.09514969],
   [     0.07155313,    -0.13175329,     0.15312333],
   [    -0.08475573,    -0.01136334,     0.10826883],
   [    -0.02053286,    -0.11047365,    -0.06789549],
   [     0.07691885,     0.06916678,    -0.07963996],
   [     0.04833012,    -0.11462445,     0.00637876],
   [    -0.13046755,    -0.04477869,    -0.00233972],
   [    -0.00374003,     0.10418469,     0.07982800],
   [     0.12783867,    -0.01591426,    -0.02115007],
   [    -0.02486378,     0.12073810,    -0.01787034]],
   "atomic quadrupole moments": [
   [     0.10128416,    -0.02358142,    -0.10056165,    -0.12922893,     0.03766899,    -0.00072251],
   [     0.21894241,    -0.02097914,    -0.09822624,    -0.38809561,     0.11398360,    -0.12071616],
   [     0.12501447,    -0.03580944,    -0.05942172,     0.16774282,    -0.12037504,    -0.06559276],
   [    -0.07148482,     0.03173071,    -0.26201261,     0.13702308,     0.26026294,     0.33349743],
   [    -0.05746949,    -0.00039540,    -0.03909183,     0.00214314,     0.07041480,     0.09656133],
   [     0.20730059,     0.29348729,     0.06631302,    -0.22986469,    -0.00120017,    -0.27361361],
   [     0.08169004,     0.13870347,    -0.01472709,    -0.05710983,    -0.02594300,    -0.06696296],
   [    -0.08750718,    -0.09019316,    -0.07346045,    -0.00997326,    -0.16721832,     0.16096763],
   [    -0.12336167,     0.21754333,    -0.16188642,     0.19892517,     0.17804761,     0.28524809],
   [    -0.01148365,     0.05732686,    -0.01219921,     0.06490341,     0.06422741,     0.02368286],
   [    -0.00140686,    -0.00529215,    -0.04270352,    -0.03841963,     0.01517585,     0.04411039],
   [    -0.02402454,    -0.02195785,     0.03944887,     0.03436504,     0.03484351,    -0.01542433],
   [    -0.01991328,     0.02477914,     0.01045912,    -0.00190083,    -0.02769017,     0.00945416],
   [    -0.02776881,    -0.01479507,     0.04039251,     0.02558913,     0.02375743,    -0.01262370],
   [     0.03690026,     0.04753005,    -0.01779674,     0.01637090,     0.00835898,    -0.01910353],
   [    -0.06632522,    -0.00752391,     0.04983626,     0.01231088,     0.01654974,     0.01648896],
   [     0.02985203,    -0.03004029,    -0.02142874,     0.00400600,     0.00720393,    -0.00842330],
   [    -0.04909406,    -0.01349898,     0.04250016,     0.01130704,     0.01665331,     0.00659391]],
   "number of molecular orbitals": 48,
   "number of electrons": 56,
   "number of unpaired electrons": 0,
   "orbital energies / eV": [
      -20.94175265,
      -20.93052630,
      -20.18414487,
      -20.15274991,
      -18.93467065,
      -18.92479075,
      -18.64372948,
      -18.21505196,
      -17.36567132,
      -17.13051705,
      -16.51145296,
      -16.48834268,
      -16.28810808,
      -16.05884470,
      -15.73328959,
      -15.66489260,
      -14.90493767,
      -14.86431057,
      -14.43124614,
      -14.18440433,
      -13.75555471,
      -13.66968435,
      -13.60796305,
      -13.39514883,
      -12.77722975,
      -12.60462959,
      -12.01031584,
      -11.64113239,
       -7.04974321,
       -6.84961076,
       -0.99766037,
       -0.81128537,
        0.79320338,
        0.83512510,
        1.26893581,
        2.21443628,
        2.36555791,
        2.71628538,
        2.92444645,
        4.87058031,
        4.97432934,
        5.62291789,
        5.81086210,
        6.30253305,
        9.50382679,
       10.06241982,
       15.99551912,
       16.12056084],
   "fractional occupation": [
        2.00000000,
        2.00000000,
        2.00000000,
        2.00000000,
        2.00000000,
        2.00000000,
        2.00000000,
        2.00000000,
        2.00000000,
        2.00000000,
        2.00000000,
        2.00000000,
        2.00000000,
        2.00000000,
        2.00000000,
        2.00000000,
        2.00000000,
        2.00000000,
        2.00000000,
        2.00000000,
        2.00000000,
        2.00000000,
        2.00000000,
        2.00000000,
        2.00000000,
        2.00000000,
        2.00000000,
        2.00000000,
        0.00000000,
        0.00000000,
        0.00000000,
        0.00000000,
        0.00000000,
        0.00000000,
        0.00000000,
        0.00000000,
        0.00000000,
        0.00000000,
        0.00000000,
        0.00000000,
        0.00000000,
        0.00000000,
        0.00000000,
        0.00000000,
        0.00000000,
        0.00000000,
        0.00000000,
        0.00000000],
   "vibrational frequencies / rcm": [
       -0.00002322,
       -0.00001051,
        0.00000902,
        0.00001482,
        0.00001760,
        0.00007419,
       69.18917411,
      105.90196457,
      149.31475918,
      185.83449481,
      255.08599472,
      287.41553607,
      333.49032785,
      376.56089189,
      440.99711051,
      517.51957526,
      556.42881264,
      606.33506662,
      639.55842681,
      655.29506571,
      711.40227772,
      797.30174064,
      893.22602646,
      941.11375145,
      947.57799269,
     1008.16092662,
     1018.37750740,
     1051.03103813,
     1083.02169760,
     1092.74562582,
     1117.76955627,
     1152.49952798,
     1172.51096385,
     1223.01831624,
     1230.13485673,
     1241.34363861,
     1309.33554445,
     1310.61756736,
     1338.80586166,
     1348.17885910,
     1431.49005131,
     1454.63784098,
     1457.39947763,
     1486.00989846,
     1723.31083651,
     1739.85101433,
     2924.72739918,
     2933.52194435,
     2966.96630027,
     2969.32836182,
     2974.40419436,
     2978.69167366,
     3004.42258174,
     3005.90480412],
   "reduced masses": [
       11.86100508,
       13.24367175,
       13.92120031,
       13.94954361,
       13.29830763,
       12.68942490,
       14.61402624,
       11.96640069,
       12.28382808,
        9.40722656,
       12.02870274,
       11.20709103,
       10.58155629,
       11.10615008,
       11.16486779,
       10.67609925,
       10.20227577,
       11.24004290,
       12.40434982,
       10.89185948,
       10.15455493,
       11.39544276,
        8.67911085,
        7.06671342,
        8.67403004,
        7.20533782,
        9.97163827,
       10.76365864,
       10.26244666,
        8.57636689,
        4.89911781,
        4.80092954,
        7.32380911,
        5.45390548,
        4.75907093,
        8.59341410,
        4.21143276,
        4.41613197,
        3.94749933,
        4.33906362,
        1.84463367,
        1.74804168,
        1.91645481,
        1.74926401,
       13.48749038,
       13.47576433,
        1.85748529,
        1.84989737,
        1.82483824,
        1.70466936,
        1.65696590,
        1.76774861,
        1.62607154,
        1.63605311],